scenario,server,tls,cores,run,rps,p50_ms,p99_ms,p999_ms,success,errors,rss_mb
get,gina,plain,1,1,546564,0.462,0.566,0.747,1.0000,0,10
get,gina,plain,1,2,543015,0.466,0.538,0.688,1.0000,0,15
get,nethttp,plain,1,1,83491,3.103,5.774,7.202,1.0000,0,17
get,nethttp,plain,1,2,83038,3.117,5.678,7.261,1.0000,0,17
get,gina,plain,2,1,1048812,0.247,0.366,0.581,1.0000,0,14
get,gina,plain,2,2,1058486,0.240,0.321,0.441,1.0000,0,24
get,nethttp,plain,2,1,155404,1.466,5.393,8.242,1.0000,0,20
get,nethttp,plain,2,2,155217,1.467,5.305,8.309,1.0000,0,19
get,gina,plain,4,1,1816934,0.137,0.228,0.414,1.0000,0,20
get,gina,plain,4,2,1768541,0.145,0.234,0.531,1.0000,0,32
get,nethttp,plain,4,1,300428,0.672,3.256,4.928,1.0000,0,20
get,nethttp,plain,4,2,298969,0.668,3.354,5.314,1.0000,0,20
get,gina,plain,8,1,1868285,0.135,0.174,0.732,1.0000,0,27
get,gina,plain,8,2,1920644,0.134,0.171,0.671,1.0000,0,55
get,nethttp,plain,8,1,480608,0.359,2.597,4.029,1.0000,0,20
get,nethttp,plain,8,2,474316,0.362,2.614,4.092,1.0000,0,21
get,gina,tls,1,1,495653,0.505,0.643,1.029,1.0000,0,17
get,gina,tls,1,2,498879,0.502,0.611,0.860,1.0000,0,18
get,nethttp,tls,1,1,79481,3.222,6.246,8.718,1.0000,0,17
get,nethttp,tls,1,2,79220,3.244,6.030,8.368,1.0000,0,19
get,gina,tls,2,1,988770,0.254,0.336,0.599,1.0000,0,21
get,gina,tls,2,2,982547,0.256,0.429,0.973,1.0000,0,29
get,nethttp,tls,2,1,152342,1.475,5.442,8.815,1.0000,0,21
get,nethttp,tls,2,2,151199,1.477,5.589,9.205,1.0000,0,21
get,gina,tls,4,1,1633184,0.153,0.261,0.570,1.0000,0,32
get,gina,tls,4,2,1641661,0.152,0.250,0.570,1.0000,0,46
get,nethttp,tls,4,1,290440,0.656,3.544,5.727,1.0000,0,22
get,nethttp,tls,4,2,289181,0.662,3.554,5.678,1.0000,0,21
get,gina,tls,8,1,1760808,0.142,0.186,0.806,1.0000,0,44
get,gina,tls,8,2,1778130,0.141,0.234,0.853,1.0000,0,81
get,nethttp,tls,8,1,444937,0.364,2.897,4.731,1.0000,0,21
get,nethttp,tls,8,2,446878,0.360,2.908,4.621,1.0000,0,23
echo64k,gina,plain,4,1,143267,0.436,0.719,1.256,1.0000,0,21
echo64k,gina,plain,4,2,149551,0.416,0.612,1.179,1.0000,0,31
echo64k,nethttp,plain,4,1,33982,1.654,6.861,9.548,1.0000,0,27
echo64k,nethttp,plain,4,2,33781,1.653,6.856,9.706,1.0000,0,18
echo64k,gina,tls,4,1,74320,0.979,1.408,3.677,1.0000,0,39
echo64k,gina,tls,4,2,78793,0.895,1.157,4.344,1.0000,0,60
echo64k,nethttp,tls,4,1,27023,2.017,8.340,11.492,1.0000,0,25
echo64k,nethttp,tls,4,2,26582,2.033,8.468,11.776,1.0000,0,24
